CustomerID,StockCode,Description,Quantity,UnitPrice
12347,20780,"BLACK EAR MUFF HEADPHONES",12,4.65
12347,20782,"CAMOUFLAGE EAR MUFF HEADPHONES",6,5.49
12347,21064,"BOOM BOX SPEAKER BOYS",6,5.95
12347,21171,"BATHROOM METAL SIGN ",12,1.45
12347,21731,"RED TOADSTOOL LED NIGHT LIGHT",12,1.65
12347,22195,"LARGE HEART MEASURING SPOONS",12,1.65
12347,22212,"FOUR HOOK  WHITE LOVEBIRDS",6,2.1
12347,22375,"AIRLINE BAG VINTAGE JET SET BROWN",4,4.25
12347,22492,"MINI PAINT SET VINTAGE ",36,0.65
12347,22494,"EMERGENCY FIRST AID TIN ",12,1.25
12347,22497,"SET OF 2 TINS VINTAGE BATHROOM",4,4.25
12347,22725,"ALARM CLOCK BAKELIKE CHOCOLATE",4,3.75
12347,22726,"ALARM CLOCK BAKELIKE GREEN",4,3.75
12347,22727,"ALARM CLOCK BAKELIKE RED ",4,3.75
12347,22728,"ALARM CLOCK BAKELIKE PINK",4,3.75
12347,22729,"ALARM CLOCK BAKELIKE ORANGE",4,3.75
12347,22771,"CLEAR DRAWER KNOB ACRYLIC EDWARDIAN",12,1.25
12347,22772,"PINK DRAWER KNOB ACRYLIC EDWARDIAN",12,1.25
12347,22773,"GREEN DRAWER KNOB ACRYLIC EDWARDIAN",12,1.25
12347,22774,"RED DRAWER KNOB ACRYLIC EDWARDIAN",12,1.25
12347,22775,"PURPLE DRAWERKNOB ACRYLIC EDWARDIAN",12,1.25
12347,22805,"BLUE DRAWER KNOB ACRYLIC EDWARDIAN",12,1.25
12347,71477,"COLOUR GLASS. STAR T-LIGHT HOLDER",12,3.25
12347,84558A,"3D DOG PICTURE PLAYING CARDS",24,2.95
12347,84969,"BOX OF 6 ASSORTED COLOUR TEASPOONS",6,4.25
12347,84997B,"RED 3 PIECE RETROSPOT CUTLERY SET",6,3.75
12347,84997C,"BLUE 3 PIECE POLKADOT CUTLERY SET",6,3.75
12347,84997D,"PINK 3 PIECE POLKADOT CUTLERY SET",6,3.75
12347,85116,"BLACK CANDELABRA T-LIGHT HOLDER",12,2.1
12347,85167B,"BLACK GRAND BAROQUE PHOTO FRAME",30,1.25
12347,85232D,"SET/3 DECOUPAGE STACKING TINS",3,4.95
12348,21211,"SET OF 72 SKULL PAPER  DOILIES",72,1.45
12348,21213,"PACK OF 72 SKULL CAKE CASES",24,0.55
12348,21213,"PACK OF 72 SKULL CAKE CASES",120,0.42
12348,21725,"SWEETIES  STICKERS",48,0.85
12348,21977,"PACK OF 60 PINK PAISLEY CAKE CASES",120,0.42
12348,21977,"PACK OF 60 PINK PAISLEY CAKE CASES",24,0.55
12348,21981,"PACK OF 12 WOODLAND TISSUES",144,0.29
12348,21982,"PACK OF 12 SUKI TISSUES",144,0.29
12348,22616,"PACK OF 12 LONDON TISSUES",72,0.29
12348,22951,"60 CAKE CASES DOLLY GIRL DESIGN",72,0.55
12348,22952,"60 CAKE CASES VINTAGE CHRISTMAS",120,0.42
12348,22952,"60 CAKE CASES VINTAGE CHRISTMAS",24,0.55
12348,84988,"SET OF 72 PINK HEART PAPER DOILIES",48,1.45
12348,84991,"60 TEATIME FAIRY CAKE CASES",120,0.42
12348,84991,"60 TEATIME FAIRY CAKE CASES",24,0.55
12348,84992,"72 SWEETHEART FAIRY CAKE CASES",72,0.55
12348,POST,POSTAGE,6,40
12370,18097C,"WHITE TALL PORCELAIN T-LIGHT HOLDER",5,2.55
12370,20707,"CRAZY DAISY HEART DECORATION",1,1.25
12370,20846,"ZINC HEART LATTICE T-LIGHT HOLDER",20,1.25
12370,20961,"STRAWBERRY BATH SPONGE ",10,1.25
12370,20963,"APPLE BATH SPONGE",10,1.25
12370,20966,"SANDWICH BATH SPONGE",10,1.25
12370,20967,"GREY FLORAL FELTCRAFT SHOULDER BAG",1,3.75
12370,20969,"RED FLORAL FELTCRAFT SHOULDER BAG",1,3.75
12370,20970,"PINK FLORAL FELTCRAFT SHOULDER BAG",1,3.75
12370,20972,"PINK CREAM FELT CRAFT TRINKET BOX ",2,1.25
12370,20974,"12 PENCILS SMALL TUBE SKULL",6,0.65
12370,21025,"SPACE FROG",10,1.25
12370,21026,"SPACE OWL",10,1.25
12370,21027,"NINJA RABBIT PINK",10,1.25
12370,21030,"SPACE CADET RED",10,1.25
12370,21031,"SPACE CADET BLACK",10,1.25
12370,21032,"SPACE CADET WHITE",10,1.25
12370,21106,"CREAM SLICE FLANNEL CHOCOLATE SPOT ",3,2.95
12370,21107,"CREAM SLICE FLANNEL PINK SPOT ",24,2.55
12370,21108,"FAIRY CAKE FLANNEL ASSORTED COLOUR",9,2.55
12370,21109,"LARGE CAKE TOWEL CHOCOLATE SPOTS",3,6.75
12370,21110,"LARGE CAKE TOWEL PINK SPOTS",6,6.75
12370,21111,"SWISS ROLL TOWEL, CHOCOLATE  SPOTS",12,2.95
12370,21112,"SWISS ROLL TOWEL, PINK  SPOTS",12,2.95
12370,21188,"3D HEARTS  HONEYCOMB PAPER GARLAND",1,2.95
12370,21189,"WHITE HONEYCOMB PAPER GARLAND ",2,1.65
12370,21207,"SKULL AND CROSSBONES  GARLAND ",1,1.65
12370,21231,"SWEETHEART CERAMIC TRINKET BOX",8,1.25
12370,21232,"STRAWBERRY CERAMIC TRINKET BOX",18,1.25
12370,21326,"AGED GLASS SILVER T-LIGHT HOLDER",24,0.65
12370,21355,"TOAST ITS - I LOVE YOU ",1,1.25
12370,21356,"TOAST ITS - FAIRY FLOWER",1,1.25
12370,21357,"TOAST ITS - DINOSAUR",2,1.25
12370,21358,"TOAST ITS - HAPPY BIRTHDAY",5,1.25
12370,21380,"WOODEN HAPPY BIRTHDAY GARLAND",12,2.95
12370,21381,"MINI WOODEN HAPPY BIRTHDAY GARLAND",24,1.69
12370,21385,"IVORY HANGING DECORATION  HEART",24,0.85
12370,21390,"FILIGRIS HEART WITH BUTTERFLY",24,1.25
12370,21428,"SET3 BOOK BOX GREEN GINGHAM FLOWER",4,4.25
12370,21683,"MEDIUM MEDINA STAMPED METAL BOWL ",6,2.95
12370,21684,"SMALL MEDINA STAMPED METAL BOWL ",24,0.85
12370,21733,"RED HANGING HEART T-LIGHT HOLDER",16,2.95
12370,22070,"SMALL RED RETROSPOT MUG IN BOX ",5,3.75
12370,22071,"SMALL WHITE RETROSPOT MUG IN BOX ",5,3.75
12370,22083,"PAPER CHAIN KIT RETROSPOT",1,2.95
12370,22085,"PAPER CHAIN KIT SKULLS ",1,2.95
12370,22087,"PAPER BUNTING WHITE LACE",1,2.95
12370,22088,"PAPER BUNTING COLOURED LACE",1,2.95
12370,22113,"GREY HEART HOT WATER BOTTLE",4,3.75
12370,22147,"FELTCRAFT BUTTERFLY HEARTS",4,1.45
12370,22149,"FELTCRAFT 6 FLOWER FRIENDS",3,2.1
12370,22150,"3 STRIPEY MICE FELTCRAFT",3,1.95
12370,22214,"CANDLE PLATE LACE WHITE",24,2.55
12370,22270,"HAPPY EASTER HANGING DECORATION",13,3.75
12370,22272,"FELTCRAFT DOLL MARIA",1,2.95
12370,22274,"FELTCRAFT DOLL EMILY",1,2.95
12370,22291,"HANGING CHICK CREAM DECORATION",24,1.45
12370,22294,"HEART FILIGREE DOVE  SMALL",48,1.25
12370,22296,"HEART IVORY TRELLIS LARGE",24,1.65
12370,22297,"HEART IVORY TRELLIS SMALL",48,1.25
12370,22312,"OFFICE MUG WARMER POLKADOT",6,2.95
12370,22313,"OFFICE MUG WARMER PINK",6,2.95
12370,22335,"HEART DECORATION PAINTED ZINC ",96,0.65
12370,22465,"HANGING METAL STAR LANTERN",12,1.65
12370,22568,"FELTCRAFT CUSHION OWL",2,3.75
12370,22569,"FELTCRAFT CUSHION BUTTERFLY",2,3.75
12370,22582,"PACK OF 6 SWEETIE GIFT BOXES",6,2.55
12370,22745,"POPPY'S PLAYHOUSE BEDROOM ",1,2.1
12370,22746,"POPPY'S PLAYHOUSE LIVINGROOM ",1,2.1
12370,22747,"POPPY'S PLAYHOUSE BATHROOM",1,2.1
12370,22748,"POPPY'S PLAYHOUSE KITCHEN",1,2.1
12370,22749,"FELTCRAFT PRINCESS CHARLOTTE DOLL",1,3.75
12370,22749,"FELTCRAFT PRINCESS CHARLOTTE DOLL",1,3.75
12370,22751,"FELTCRAFT PRINCESS OLIVIA DOLL",2,3.75
12370,22784,"LANTERN CREAM GAZEBO ",9,4.95
12370,22804,"CANDLEHOLDER PINK HANGING HEART",9,2.95
12370,22962,"JAM JAR WITH PINK LID",12,0.85
12370,35924,"HANGING FAIRY CAKE DECORATION",10,2.1
12370,35961,"FOLKART ZINC HEART CHRISTMAS DEC",12,0.85
12370,37446,"MINI CAKE STAND WITH HANGING CAKES",8,1.45
12370,37449,"CERAMIC CAKE STAND + HANGING CAKES",8,8.5
12370,47566,"PARTY BUNTING",1,4.65
12370,47574A,"ENGLISH ROSE SCENTED HANGING FLOWER",1,4.25
12370,47590A,"BLUE HAPPY BIRTHDAY BUNTING",2,5.45
12370,47590B,"PINK HAPPY BIRTHDAY BUNTING",1,5.45
12370,72741,"GRAND CHOCOLATECANDLE",18,1.45
12370,84879,"ASSORTED COLOUR BIRD ORNAMENT",24,1.69
12370,85123A,"WHITE HANGING HEART T-LIGHT HOLDER",64,2.55
12370,85194L,"HANGING SPRING FLOWER EGG LARGE",36,0.85
12370,85195,"HANGING HEART BASKET",8,2.1
12370,POST,POSTAGE,3,40
12377,21506,"FANCY FONT BIRTHDAY CARD, ",12,0.42
12377,21832,"CHOCOLATE CALCULATOR",24,1.65
12377,21871,"SAVE THE PLANET MUG",24,1.25
12377,21877,"HOME SWEET HOME MUG",24,1.25
12377,22029,"SPACEBOY BIRTHDAY CARD",24,0.42
12377,22037,"ROBOT BIRTHDAY CARD",12,0.42
12377,22107,"PIZZA PLATE IN BOX",12,3.75
12377,22108,"PING! MICROWAVE PLATE",4,3.75
12377,22109,"FULL ENGLISH BREAKFAST PLATE",12,3.75
12377,22112,"CHOCOLATE HOT WATER BOTTLE",16,4.95
12377,22190,"LOCAL CAFE MUG",12,2.1
12377,22300,"COFFEE MUG DOG + BALL DESIGN",12,2.55
12377,22301,"COFFEE MUG CAT + BIRD DESIGN",12,2.55
12377,22302,"COFFEE MUG PEARS  DESIGN",12,2.55
12377,22303,"COFFEE MUG APPLES DESIGN",12,2.55
12377,22314,"OFFICE MUG WARMER CHOC+BLUE",12,4.95
12377,22328,"ROUND SNACK BOXES SET OF 4 FRUITS",12,2.95
12377,22422,"TOOTHPASTE TUBE PEN",12,0.65
12377,22538,"MINI JIGSAW GO TO THE FAIR",24,0.42
12377,22539,"MINI JIGSAW DOLLY GIRL",24,0.42
12377,22540,"MINI JIGSAW CIRCUS PARADE ",24,0.42
12377,22544,"MINI JIGSAW SPACEBOY",24,0.42
12377,22545,"MINI JIGSAW BUNNIES",24,0.42
12377,22546,"MINI JIGSAW PURDEY",24,0.42
12377,22551,"PLASTERS IN TIN SPACEBOY",12,1.65
12377,22555,"PLASTERS IN TIN STRONGMAN",12,1.65
12377,22556,"PLASTERS IN TIN CIRCUS PARADE ",12,1.65
12377,22629,"SPACEBOY LUNCH BOX ",12,1.95
12377,22630,"DOLLY GIRL LUNCH BOX",12,1.95
12377,22631,"CIRCUS PARADE LUNCH BOX ",12,1.95
12377,22659,"LUNCH BOX I LOVE LONDON",12,1.95
12377,22713,"CARD I LOVE LONDON ",12,0.42
12377,22714,"CARD BIRTHDAY COWBOY",12,0.42
12377,22725,"ALARM CLOCK BAKELIKE CHOCOLATE",4,3.75
12377,22726,"ALARM CLOCK BAKELIKE GREEN",4,3.75
12377,22727,"ALARM CLOCK BAKELIKE RED ",4,3.75
12377,22728,"ALARM CLOCK BAKELIKE PINK",4,3.75
12377,22729,"ALARM CLOCK BAKELIKE ORANGE",4,3.75
12377,22730,"ALARM CLOCK BAKELIKE IVORY",4,3.75
12377,22813,"PACK 3 BOXES BIRD PANNETONE",24,1.95
12377,22837,"HOT WATER BOTTLE BABUSHKA LARGE",8,4.65
12377,22953,"BIRTHDAY BANNER TAPE",24,1.25
12377,84050,"PINK HEART SHAPE EGG FRYING PAN",12,1.65
12386,21906,"PHARMACIE FIRST AID TIN",4,6.75
12386,22495,"SET OF 2 ROUND TINS CAMEMBERT",6,2.95
12386,22555,"PLASTERS IN TIN STRONGMAN",12,1.65
12386,22557,"PLASTERS IN TIN VINTAGE PAISLEY ",12,1.65
12386,22567,"20 DOLLY PEGS RETROSPOT",24,1.25
12386,22915,"ASSORTED BOTTLE TOP  MAGNETS ",120,0.36
12386,22926,"IVORY GIANT GARDEN THERMOMETER",12,5.95
12386,22953,"BIRTHDAY PARTY CORDON BARRIER TAPE",24,1.25
12395,20719,"WOODLAND CHARLOTTE BAG",10,0.85
12395,20724,"RED RETROSPOT CHARLOTTE BAG",10,0.85
12395,21212,"PACK OF 72 RETROSPOT CAKE CASES",120,0.42
12395,21217,"RED RETROSPOT ROUND CAKE TINS",2,9.95
12395,21258,"VICTORIAN SEWING BOX LARGE",1,12.75
12395,21879,"HEARTS GIFT TAPE",24,0.19
12395,21880,"RED RETROSPOT TAPE",24,0.19
12395,21975,"PACK OF 60 DINOSAUR CAKE CASES",48,0.55
12395,21976,"PACK OF 60 MUSHROOM CAKE CASES",48,0.55
12395,21977,"PACK OF 60 PINK PAISLEY CAKE CASES",120,0.42
12395,22355,"CHARLOTTE BAG SUKI DESIGN",10,0.85
12395,22355,"CHARLOTTE BAG SUKI DESIGN",10,0.85
12395,22356,"CHARLOTTE BAG PINK POLKADOT",10,0.85
12395,22390,"PAPERWEIGHT CHILDHOOD MEMORIES",12,0.85
12395,22417,"PACK OF 60 SPACEBOY CAKE CASES",120,0.42
12395,22504,"CABIN BAG VINTAGE RETROSPOT",3,12.75
12395,22551,"PLASTERS IN TIN SPACEBOY",12,1.65
12395,22629,"SPACEBOY LUNCH BOX ",12,1.95
12395,22630,"DOLLY GIRL LUNCH BOX",12,1.95
12395,22666,"RECIPE BOX PANTRY YELLOW DESIGN",6,2.95
12395,22667,"RECIPE BOX RETROSPOT ",12,2.95
12395,22740,"POLKADOT PEN",48,0.85
12395,22754,"SMALL RED BABUSHKA NOTEBOOK ",12,0.85
12395,22755,"SMALL PURPLE BABUSHKA NOTEBOOK ",12,0.85
12395,46000U,"POLYESTER FILLER PAD 30CMx30CM",2,1.25
12395,84375,"SET OF 20 KIDS COOKIE CUTTERS",12,2.1
12395,84906,"PINK B'FLY C/COVER W BOBBLES",2,5.95
12395,84992,"72 SWEETHEART FAIRY CAKE CASES",24,0.55
12395,85099B,"JUMBO BAG RED RETROSPOT",10,1.95
12395,POST,POSTAGE,2,18
12395,POST,POSTAGE,3,18
12417,21135,"VICTORIAN  METAL POSTCARD SPRING",16,1.69
12417,21717,"EASTER TIN BUCKET",8,2.55
12417,22060,"LARGE CAKE STAND HANGING HEARTS",4,9.95
12417,22423,"REGENCY CAKESTAND 3 TIER",4,12.75
12417,22451,"SILK PURSE BABUSHKA RED",6,3.35
12417,22619,"SET OF 6 SOLDIER SKITTLES",4,3.75
12417,22666,"RECIPE BOX PANTRY YELLOW DESIGN",6,2.95
12417,22770,"MIRROR CORNICE",2,14.95
12417,22801,"ANTIQUE GLASS PEDESTAL BOWL",4,3.75
12417,22845,"VINTAGE CREAM CAT FOOD CONTAINER",4,6.35
12417,POST,POSTAGE,2,15
12427,21249,"WOODLAND  HEIGHT CHART STICKERS ",6,2.95
12427,21328,"BALLOONS  WRITING SET ",12,1.65
12427,21329,"DINOSAURS  WRITING SET ",12,1.65
12427,22077,"6 RIBBONS RUSTIC CHARM",12,1.65
12427,22149,"FELTCRAFT 6 FLOWER FRIENDS",6,2.1
12427,22300,"COFFEE MUG DOG + BALL DESIGN",6,2.55
12427,22301,"COFFEE MUG CAT + BIRD DESIGN",6,2.55
12427,22634,"CHILDS BREAKFAST SET SPACEBOY ",8,8.5
12427,22636,"CHILDS BREAKFAST SET CIRCUS PARADE",8,7.65
12427,POST,POSTAGE,3,18
12429,22326,"ROUND SNACK BOXES SET OF4 WOODLAND",12,2.95
12429,22331,"WOODLAND PARTY BAG + STICKER SET",8,1.65
12429,22365,"DOORMAT RESPECTABLE HOUSE",2,7.95
12429,22567,"20 DOLLY PEGS RETROSPOT",12,1.25
12429,22670,"FRENCH WC SIGN BLUE METAL",36,1.25
12429,22673,"FRENCH GARDEN SIGN BLUE METAL",24,1.25
12429,22726,"ALARM CLOCK BAKELIKE GREEN",12,3.75
12429,22727,"ALARM CLOCK BAKELIKE RED ",12,3.75
12429,22728,"ALARM CLOCK BAKELIKE PINK",12,3.75
12429,22729,"ALARM CLOCK BAKELIKE ORANGE",12,3.75
12429,22730,"ALARM CLOCK BAKELIKE IVORY",20,3.75
12429,22752,"SET 7 BABUSHKA NESTING BOXES",24,7.65
12429,22779,"WOODEN OWLS LIGHT GARLAND ",48,3.75
12429,22847,"BREAD BIN DINER STYLE IVORY",8,14.95
12429,22914,"BLUE COAT RACK PARIS FASHION",6,4.95
12429,22951,"60 CAKE CASES DOLLY GIRL DESIGN",120,0.42
12429,22956,"36 FOIL HEART CAKE CASES",48,1.85
12429,22960,"JAM MAKING SET WITH JARS",6,4.25
12429,82582,"AREA PATROLLED METAL SIGN",24,2.1
12429,POST,POSTAGE,8,18
12431,20685,"DOORMAT RED RETROSPOT",4,7.95
12431,20725,"LUNCH BAG RED RETROSPOT",10,1.65
12431,21622,"VINTAGE UNION JACK CUSHION COVER",8,4.95
12431,21791,"VINTAGE HEADS AND TAILS CARD GAME ",12,1.25
12431,22191,"IVORY DINER WALL CLOCK",2,8.5
12431,22192,"BLUE DINER WALL CLOCK",2,8.5
12431,22193,"RED DINER WALL CLOCK",2,8.5
12431,22195,"LARGE HEART MEASURING SPOONS",24,1.65
12431,22195,"LARGE HEART MEASURING SPOONS",12,1.65
12431,22196,"SMALL HEART MEASURING SPOONS",24,0.85
12431,22196,"SMALL HEART MEASURING SPOONS",24,0.85
12431,22219,"LOVEBIRD HANGING DECORATION WHITE ",12,0.85
12431,22726,"ALARM CLOCK BAKELIKE GREEN",4,3.75
12431,22727,"ALARM CLOCK BAKELIKE RED ",4,3.75
12431,22728,"ALARM CLOCK BAKELIKE PINK",4,3.75
12431,22941,"CHRISTMAS LIGHTS 10 REINDEER",6,8.5
12431,35004C,"SET OF 3 COLOURED  FLYING DUCKS",6,5.45
12431,35004G,"SET OF 3 GOLD FLYING DUCKS",4,6.35
12431,48138,"DOORMAT UNION FLAG",10,6.75
12431,48138,"DOORMAT UNION FLAG",10,6.75
12431,79067,"CORONA MEXICAN TRAY",50,2.95
12431,85014A,"BLACK/BLUE POLKADOT UMBRELLA",3,5.95
12431,85014B,"RED RETROSPOT UMBRELLA",6,5.95
12431,85099B,"JUMBO BAG RED RETROSPOT",10,1.95
12433,20685,"DOORMAT RED RETROSPOT",2,7.95
12433,20685,"DOORMAT RED RETROSPOT",2,7.95
12433,21080,"SET/20 RED RETROSPOT PAPER NAPKINS",36,0.85
12433,21080,"SET/20 RED RETROSPOT PAPER NAPKINS",36,0.85
12433,21156,"RETROSPOT CHILDRENS APRON",8,1.95
12433,21156,"RETROSPOT CHILDRENS APRON",8,1.95
12433,21166,"COOK WITH WINE METAL SIGN ",12,1.95
12433,21166,"COOK WITH WINE METAL SIGN ",12,1.95
12433,21212,"PACK OF 72 RETROSPOT CAKE CASES",24,0.55
12433,21212,"PACK OF 72 RETROSPOT CAKE CASES",24,0.55
12433,21213,"PACK OF 72 SKULL CAKE CASES",24,0.55
12433,21213,"PACK OF 72 SKULL CAKE CASES",24,0.55
12433,21260,"FIRST AID TIN",12,3.25
12433,21260,"FIRST AID TIN",12,3.25
12433,21506,"FANCY FONT BIRTHDAY CARD, ",12,0.42
12433,21506,"FANCY FONT BIRTHDAY CARD, ",12,0.42
12433,21520,"BOOZE & WOMEN GREETING CARD ",12,0.42
12433,21520,"BOOZE & WOMEN GREETING CARD ",12,0.42
12433,21733,"RED HANGING HEART T-LIGHT HOLDER",6,2.95
12433,21733,"RED HANGING HEART T-LIGHT HOLDER",6,2.95
12433,21786,"POLKADOT RAIN HAT ",24,0.42
12433,21786,"POLKADOT RAIN HAT ",24,0.42
12433,21870,"I CAN ONLY PLEASE ONE PERSON MUG",24,1.25
12433,21870,"I CAN ONLY PLEASE ONE PERSON MUG",24,1.25
12433,21873,"IF YOU CAN'T STAND THE HEAT MUG",24,1.25
12433,21873,"IF YOU CAN'T STAND THE HEAT MUG",24,1.25
12433,21874,"GIN AND TONIC MUG",24,1.25
12433,21874,"GIN AND TONIC MUG",24,1.25
12433,21967,"PACK OF 12 SKULL TISSUES",48,0.29
12433,21967,"PACK OF 12 SKULL TISSUES",48,0.29
12433,21977,"PACK OF 60 PINK PAISLEY CAKE CASES",24,0.55
12433,21977,"PACK OF 60 PINK PAISLEY CAKE CASES",24,0.55
12433,21980,"PACK OF 12 RED RETROSPOT TISSUES",48,0.29
12433,21980,"PACK OF 12 RED RETROSPOT TISSUES",48,0.29
12433,21981,"PACK OF 12 WOODLAND TISSUES",48,0.29
12433,21981,"PACK OF 12 WOODLAND TISSUES",48,0.29
12433,21982,"PACK OF 12 SUKI TISSUES",48,0.29
12433,21982,"PACK OF 12 SUKI TISSUES",48,0.29
12433,21983,"PACK OF 12 BLUE PAISLEY TISSUES",48,0.29
12433,21983,"PACK OF 12 BLUE PAISLEY TISSUES",48,0.29
12433,21984,"PACK OF 12 PINK PAISLEY TISSUES",48,0.29
12433,21984,"PACK OF 12 PINK PAISLEY TISSUES",48,0.29
12433,22092,"BLUE PAISLEY TISSUE BOX",12,1.25
12433,22092,"BLUE PAISLEY TISSUE BOX",12,1.25
12433,22094,"RED RETROSPOT TISSUE BOX",12,1.25
12433,22094,"RED RETROSPOT TISSUE BOX",12,1.25
12433,22095,"LADS ONLY TISSUE BOX",12,1.25
12433,22095,"LADS ONLY TISSUE BOX",12,1.25
12433,22114,"HOT WATER BOTTLE TEA AND SYMPATHY",8,3.95
12433,22114,"HOT WATER BOTTLE TEA AND SYMPATHY",8,3.95
12433,22197,"SMALL POPCORN HOLDER",72,0.85
12433,22197,"SMALL POPCORN HOLDER",72,0.85
12433,22198,"LARGE POPCORN HOLDER ",48,1.65
12433,22198,"LARGE POPCORN HOLDER ",50,1.45
12433,22315,"200 RED + WHITE BENDY STRAWS",12,1.25
12433,22315,"200 RED + WHITE BENDY STRAWS",12,1.25
12433,22413,"METAL SIGN TAKE IT OR LEAVE IT ",12,2.95
12433,22444,"GROW YOUR OWN PLANT IN A CAN ",96,1.06
12433,22489,"PACK OF 12 TRADITIONAL CRAYONS",24,0.42
12433,22489,"PACK OF 12 TRADITIONAL CRAYONS",24,0.42
12433,22494,"EMERGENCY FIRST AID TIN ",24,1.25
12433,22494,"EMERGENCY FIRST AID TIN ",24,1.25
12433,22530,"MAGIC DRAWING SLATE DOLLY GIRL ",24,0.42
12433,22530,"MAGIC DRAWING SLATE DOLLY GIRL ",24,0.42
12433,22531,"MAGIC DRAWING SLATE CIRCUS PARADE  ",24,0.42
12433,22531,"MAGIC DRAWING SLATE CIRCUS PARADE  ",24,0.42
12433,22534,"MAGIC DRAWING SLATE SPACEBOY ",24,0.42
12433,22534,"MAGIC DRAWING SLATE SPACEBOY ",24,0.42
12433,22539,"MINI JIGSAW DOLLY GIRL",24,0.42
12433,22539,"MINI JIGSAW DOLLY GIRL",24,0.42
12433,22540,"MINI JIGSAW CIRCUS PARADE ",24,0.42
12433,22540,"MINI JIGSAW CIRCUS PARADE ",24,0.42
12433,22543,"MINI JIGSAW BAKE A CAKE ",24,0.42
12433,22543,"MINI JIGSAW BAKE A CAKE ",24,0.42
12433,22544,"MINI JIGSAW SPACEBOY",24,0.42
12433,22544,"MINI JIGSAW SPACEBOY",24,0.42
12433,22547,"MINI JIGSAW DINOSAUR ",24,0.42
12433,22547,"MINI JIGSAW DINOSAUR ",24,0.42
12433,22551,"PLASTERS IN TIN SPACEBOY",24,1.65
12433,22551,"PLASTERS IN TIN SPACEBOY",24,1.65
12433,22553,"PLASTERS IN TIN SKULLS",24,1.65
12433,22553,"PLASTERS IN TIN SKULLS",24,1.65
12433,22554,"PLASTERS IN TIN WOODLAND ANIMALS",24,1.65
12433,22554,"PLASTERS IN TIN WOODLAND ANIMALS",24,1.65
12433,22555,"PLASTERS IN TIN STRONGMAN",36,1.65
12433,22555,"PLASTERS IN TIN STRONGMAN",36,1.65
12433,22556,"PLASTERS IN TIN CIRCUS PARADE ",24,1.65
12433,22556,"PLASTERS IN TIN CIRCUS PARADE ",24,1.65
12433,22557,"PLASTERS IN TIN VINTAGE PAISLEY ",36,1.65
12433,22557,"PLASTERS IN TIN VINTAGE PAISLEY ",36,1.65
12433,22558,"CLOTHES PEGS RETROSPOT PACK 24",24,1.49
12433,22558,"CLOTHES PEGS RETROSPOT PACK 24",24,1.49
12433,22561,"WOODEN SCHOOL COLOURING SET",24,1.65
12433,22561,"WOODEN SCHOOL COLOURING SET",24,1.65
12433,22567,"20 DOLLY PEGS RETROSPOT",24,1.25
12433,22567,"20 DOLLY PEGS RETROSPOT",24,1.25
12433,22614,"PACK OF 12 SPACEBOY TISSUES",48,0.29
12433,22614,"PACK OF 12 SPACEBOY TISSUES",48,0.29
12433,22615,"PACK OF 12 CIRCUS PARADE TISSUES",48,0.29
12433,22615,"PACK OF 12 CIRCUS PARADE TISSUES",48,0.29
12433,22624,"IVORY KITCHEN SCALES",2,8.5
12433,22625,"RED KITCHEN SCALES",2,8.5
12433,22626,"BLACK KITCHEN SCALES",2,8.5
12433,22632,"HAND WARMER RED RETROSPOT",12,2.1
12433,22665,"RECIPE BOX BLUE SKETCHBOOK DESIGN",12,2.95
12433,22665,"RECIPE BOX BLUE SKETCHBOOK DESIGN",12,2.95
12433,22666,"RECIPE BOX PANTRY YELLOW DESIGN",12,2.95
12433,22666,"RECIPE BOX PANTRY YELLOW DESIGN",12,2.95
12433,22667,"RECIPE BOX RETROSPOT ",12,2.95
12433,22667,"RECIPE BOX RETROSPOT ",12,2.95
12433,22688,"DOORMAT PEACE ON EARTH BLUE",12,6.75
12433,22690,"DOORMAT HOME SWEET HOME BLUE ",2,7.95
12433,22716,"CARD CIRCUS PARADE",12,0.42
12433,22716,"CARD CIRCUS PARADE",12,0.42
12433,22814,"CARD PARTY GAMES ",12,0.42
12433,22814,"CARD PARTY GAMES ",12,0.42
12433,22842,"BISCUIT TIN VINTAGE RED",6,6.75
12433,22842,"BISCUIT TIN VINTAGE RED",6,6.75
12433,22865,"HAND WARMER OWL DESIGN",12,2.1
12433,22866,"HAND WARMER SCOTTY DOG DESIGN",12,2.1
12433,22899,"CHILDREN'S APRON DOLLY GIRL ",8,2.1
12433,22899,"CHILDREN'S APRON DOLLY GIRL ",8,2.1
12433,22956,"36 FOIL HEART CAKE CASES",12,2.1
12433,22956,"36 FOIL HEART CAKE CASES",12,2.1
12433,22961,"JAM MAKING SET PRINTED",24,1.45
12433,22961,"JAM MAKING SET PRINTED",24,1.45
12433,22962,"JAM JAR WITH PINK LID",12,0.85
12433,22962,"JAM JAR WITH PINK LID",12,0.85
12433,22963,"JAM JAR WITH GREEN LID",12,0.85
12433,22963,"JAM JAR WITH GREEN LID",12,0.85
12433,22966,"GINGERBREAD MAN COOKIE CUTTER",24,1.25
12433,22966,"GINGERBREAD MAN COOKIE CUTTER",24,1.25
12433,82600,"NO SINGING METAL SIGN",24,2.1
12433,82600,"NO SINGING METAL SIGN",24,2.1
12433,84050,"PINK HEART SHAPE EGG FRYING PAN",72,1.25
12433,84050,"PINK HEART SHAPE EGG FRYING PAN",72,1.25
12433,84375,"SET OF 20 KIDS COOKIE CUTTERS",24,2.1
12433,84375,"SET OF 20 KIDS COOKIE CUTTERS",24,2.1
12433,84692,"BOX OF 24 COCKTAIL PARASOLS",50,0.42
12433,84692,"BOX OF 24 COCKTAIL PARASOLS",50,0.42
12433,84991,"60 TEATIME FAIRY CAKE CASES",24,0.55
12433,84991,"60 TEATIME FAIRY CAKE CASES",24,0.55
12433,84992,"72 SWEETHEART FAIRY CAKE CASES",24,0.55
12433,84992,"72 SWEETHEART FAIRY CAKE CASES",24,0.55
12433,85150,"LADIES & GENTLEMEN METAL SIGN",12,2.55
12433,85150,"LADIES & GENTLEMEN METAL SIGN",12,2.55
12433,85152,"HAND OVER THE CHOCOLATE   SIGN ",24,2.1
12434,21217,"RED RETROSPOT ROUND CAKE TINS",-1,9.95
12434,22094,"RED RETROSPOT TISSUE BOX",-5,1.25
12434,22333,"RETROSPOT PARTY BAG + STICKER SET",-7,1.65
12441,22051,"BLUE SCANDINAVIAN PAISLEY WRAP",25,0.42
12441,22052,"VINTAGE CARAVAN GIFT WRAP",25,0.42
12441,22086,"PAPER CHAIN KIT 50'S CHRISTMAS",6,2.95
12441,22710,"WRAP I LOVE LONDON ",25,0.42
12441,22742,"MAKE YOUR OWN PLAYTIME CARD KIT",6,2.95
12441,22744,"MAKE YOUR OWN MONSOON CARD KIT",6,2.95
12441,22910,"PAPER CHAIN KIT VINTAGE CHRISTMAS",6,2.95
12441,37495,"FAIRY CAKE BIRTHDAY CANDLE SET",4,3.75
12441,47566B,"TEA TIME PARTY BUNTING",5,4.65
12441,85049A,"TRADITIONAL CHRISTMAS RIBBONS",12,1.25
12441,POST,POSTAGE,1,18
12471,16235,"RECYCLED PENCIL WITH RABBIT ERASER",60,0.21
12471,21210,"SET OF 72 RETROSPOT PAPER  DOILIES",12,1.45
12471,21212,"PACK OF 72 RETROSPOT CAKE CASES",24,0.55
12471,21231,"SWEETHEART CERAMIC TRINKET BOX",12,1.25
12471,21232,"STRAWBERRY CERAMIC TRINKET BOX",36,1.25
12471,21577,"SAVE THE PLANET COTTON TOTE BAG",18,2.25
12471,21577,"SAVE THE PLANET COTTON TOTE BAG",12,2.25
12471,21578,"WOODLAND DESIGN  COTTON TOTE BAG",12,2.25
12471,21578,"WOODLAND DESIGN  COTTON TOTE BAG",24,2.25
12471,21700,"BIG DOUGHNUT FRIDGE MAGNETS",72,0.85
12471,21700,"BIG DOUGHNUT FRIDGE MAGNETS",48,0.85
12471,21731,"RED TOADSTOOL LED NIGHT LIGHT",24,1.65
12471,21731,"RED TOADSTOOL LED NIGHT LIGHT",48,1.65
12471,21787,"RAIN PONCHO RETROSPOT",24,0.85
12471,22077,"6 RIBBONS RUSTIC CHARM",24,1.65
12471,22326,"ROUND SNACK BOXES SET OF4 WOODLAND",12,2.95
12471,22326,"ROUND SNACK BOXES SET OF4 WOODLAND",12,2.95
12471,22326,"ROUND SNACK BOXES SET OF4 WOODLAND",12,2.95
12471,22419,"LIPSTICK PEN RED",100,0.36
12471,22423,"REGENCY CAKESTAND 3 TIER",32,10.95
12471,22423,"REGENCY CAKESTAND 3 TIER",32,10.95
12471,22445,"PENCIL CASE LIFE IS BEAUTIFUL",12,2.95
12471,22445,"PENCIL CASE LIFE IS BEAUTIFUL",12,2.95
12471,22472,"TV DINNER TRAY DOLLY GIRL",12,4.95
12471,22472,"TV DINNER TRAY DOLLY GIRL",9,4.95
12471,22489,"PACK OF 12 TRADITIONAL CRAYONS",24,0.42
12471,22491,"PACK OF 12 COLOURED PENCILS",12,0.85
12471,22549,"PICTURE DOMINOES",12,1.45
12471,22554,"PLASTERS IN TIN WOODLAND ANIMALS",24,1.65
12471,22554,"PLASTERS IN TIN WOODLAND ANIMALS",12,1.65
12471,22555,"PLASTERS IN TIN STRONGMAN",12,1.65
12471,22555,"PLASTERS IN TIN STRONGMAN",24,1.65
12471,22556,"PLASTERS IN TIN CIRCUS PARADE ",24,1.65
12471,22556,"PLASTERS IN TIN CIRCUS PARADE ",12,1.65
12471,22621,"TRADITIONAL KNITTING NANCY",12,1.45
12471,22625,"RED KITCHEN SCALES",12,7.65
12471,22625,"RED KITCHEN SCALES",6,8.5
12471,22644,"CERAMIC CHERRY CAKE MONEY BANK",12,1.45
12471,22646,"CERAMIC STRAWBERRY CAKE MONEY BANK",36,1.45
12471,22649,"STRAWBERRY FAIRY CAKE TEAPOT",8,4.95
12471,22649,"STRAWBERRY FAIRY CAKE TEAPOT",8,4.95
12471,22720,"SET OF 3 CAKE TINS PANTRY DESIGN",6,4.95
12471,22728,"ALARM CLOCK BAKELIKE PINK",12,3.75
12471,22728,"ALARM CLOCK BAKELIKE PINK",24,3.75
12471,22741,"FUNKY DIVA PEN",96,0.85
12471,22743,"MAKE YOUR OWN FLOWERPOWER CARD KIT",6,2.95
12471,22744,"MAKE YOUR OWN MONSOON CARD KIT",6,2.95
12471,22745,"POPPY'S PLAYHOUSE BEDROOM ",12,2.1
12471,22746,"POPPY'S PLAYHOUSE LIVINGROOM ",12,2.1
12471,22748,"POPPY'S PLAYHOUSE KITCHEN",6,2.1
12471,22752,"SET 7 BABUSHKA NESTING BOXES",2,8.5
12471,22752,"SET 7 BABUSHKA NESTING BOXES",6,8.5
12471,22752,"SET 7 BABUSHKA NESTING BOXES",-2,8.5
12471,22759,"SET OF 3 NOTEBOOKS IN PARCEL",12,1.65
12471,22797,"CHEST OF DRAWERS GINGHAM HEART ",1,16.95
12471,22808,"SET OF 6 T-LIGHTS EASTER CHICKS",18,2.95
12471,22848,"BREAD BIN DINER STYLE PINK",4,14.95
12471,22848,"BREAD BIN DINER STYLE PINK",6,14.95
12471,22856,"ASSORTED EASTER DECORATIONS  BELLS",18,1.25
12471,22859,"EASTER TIN BUNNY BOUQUET",12,1.65
12471,22897,"OVEN MITT APPLES DESIGN",20,1.45
12471,22907,"PACK OF 20 NAPKINS PANTRY DESIGN",24,0.85
12471,22908,"PACK OF 20 NAPKINS RED APPLES",24,0.85
12471,22913,"RED COAT RACK PARIS FASHION",6,4.95
12471,22923,"FRIDGE MAGNETS LES ENFANTS ASSORTED",36,0.85
12471,22934,"BAKING MOULD EASTER EGG WHITE CHOC",12,2.95
12471,22937,"BAKING MOULD CHOCOLATE CUPCAKES",12,2.55
12471,22961,"JAM MAKING SET PRINTED",48,1.45
12471,22962,"JAM JAR WITH PINK LID",24,0.85
12471,22964,"3 PIECE SPACEBOY COOKIE CUTTER SET",18,2.1
12471,22966,"GINGERBREAD MAN COOKIE CUTTER",12,1.25
12471,22968,"ROSE COTTAGE KEEPSAKE BOX ",6,9.95
12471,22968,"ROSE COTTAGE KEEPSAKE BOX ",8,8.5
12471,22969,"HOMEMADE JAM SCENTED CANDLES",36,1.45
12471,84228,"HEN HOUSE W CHICK STANDING",24,0.42
12471,POST,POSTAGE,21,18
12471,POST,POSTAGE,11,18
12472,20668,"DISCO BALL CHRISTMAS DECORATION",24,0.12
12472,20719,"WOODLAND CHARLOTTE BAG",30,0.85
12472,20724,"RED RETROSPOT CHARLOTTE BAG",20,0.85
12472,20750,"RED RETROSPOT MINI CASES",4,7.95
12472,20914,"SET/5 RED RETROSPOT LID GLASS BOWLS",6,2.95
12472,20914,"SET/5 RED RETROSPOT LID GLASS BOWLS",-1,2.95
12472,20957,"PORCELAIN HANGING BELL SMALL",-1,1.45
12472,21218,"RED SPOTTY BISCUIT TIN",-3,3.75
12472,21817,"GLITTER CHRISTMAS TREE",12,0.85
12472,21914,"BLUE HARMONICA IN BOX ",24,1.25
12472,21915,"RED  HARMONICA IN BOX ",24,1.25
12472,22077,"6 RIBBONS RUSTIC CHARM",24,1.65
12472,22077,"6 RIBBONS RUSTIC CHARM",-6,1.65
12472,22078,"RIBBON REEL LACE DESIGN ",10,2.1
12472,22079,"RIBBON REEL HEARTS DESIGN ",10,1.65
12472,22080,"RIBBON REEL POLKADOTS ",10,1.65
12472,22141,"CHRISTMAS CRAFT TREE TOP ANGEL",12,2.1
12472,22144,"CHRISTMAS CRAFT LITTLE FRIENDS",12,2.1
12472,22168,"ORGANISER WOOD ANTIQUE WHITE ",-2,8.5
12472,22242,"5 HOOK HANGER MAGIC TOADSTOOL",-5,1.65
12472,22242,"5 HOOK HANGER MAGIC TOADSTOOL",12,1.65
12472,22244,"3 HOOK HANGER MAGIC GARDEN",12,1.95
12472,22244,"3 HOOK HANGER MAGIC GARDEN",-4,1.95
12472,22245,"HOOK, 1 HANGER ,MAGIC GARDEN",-2,0.85
12472,22245,"HOOK, 1 HANGER ,MAGIC GARDEN",12,0.85
12472,22321,"BIRD DECORATION RED RETROSPOT",12,0.85
12472,22326,"ROUND SNACK BOXES SET OF4 WOODLAND",24,2.95
12472,22328,"ROUND SNACK BOXES SET OF 4 FRUITS",12,2.95
12472,22333,"RETROSPOT PARTY BAG + STICKER SET",8,1.65
12472,22333,"RETROSPOT PARTY BAG + STICKER SET",-1,1.65
12472,22337,"ANGEL DECORATION PAINTED ZINC ",24,0.65
12472,22354,"RETROSPOT PADDED SEAT CUSHION",10,3.75
12472,22423,"REGENCY CAKESTAND 3 TIER",4,12.75
12472,22467,"GUMBALL COAT RACK",12,2.55
12472,22556,"PLASTERS IN TIN CIRCUS PARADE ",12,1.65
12472,22568,"FELTCRAFT CUSHION OWL",4,3.75
12472,22571,"ROCKING HORSE RED CHRISTMAS ",24,0.85
12472,22572,"ROCKING HORSE GREEN CHRISTMAS ",24,0.85
12472,22573,"STAR WOODEN CHRISTMAS DECORATION",12,0.85
12472,22574,"HEART WOODEN CHRISTMAS DECORATION",12,0.85
12472,22577,"WOODEN HEART CHRISTMAS SCANDINAVIAN",12,0.85
12472,22578,"WOODEN STAR CHRISTMAS SCANDINAVIAN",12,0.85
12472,22579,"WOODEN TREE CHRISTMAS SCANDINAVIAN",24,0.85
12472,22580,"ADVENT CALENDAR GINGHAM SACK",-4,5.95
12472,22593,"CHRISTMAS GINGHAM STAR",12,0.85
12472,22594,"CHRISTMAS GINGHAM TREE",12,0.85
12472,22595,"CHRISTMAS GINGHAM HEART",12,0.85
12472,22600,"CHRISTMAS RETROSPOT STAR WOOD",12,0.85
12472,22601,"CHRISTMAS RETROSPOT ANGEL WOOD",24,0.85
12472,22602,"CHRISTMAS RETROSPOT HEART WOOD",12,0.85
12472,22629,"SPACEBOY LUNCH BOX ",36,1.95
12472,22631,"CIRCUS PARADE LUNCH BOX ",12,1.95
12472,22631,"CIRCUS PARADE LUNCH BOX ",-1,1.95
12472,22636,"CHILDS BREAKFAST SET CIRCUS PARADE",4,8.5
12472,22654,"DELUXE SEWING KIT ",-1,5.95
12472,22767,"TRIPLE PHOTO FRAME CORNICE ",-2,9.95
12472,22781,"GUMBALL MAGAZINE RACK",2,7.65
12472,22816,"CARD MOTORBIKE SANTA",12,0.42
12472,22818,"CARD CHRISTMAS VILLAGE",24,0.42
12472,22834,"HAND WARMER BABUSHKA DESIGN",12,2.1
12472,22837,"HOT WATER BOTTLE BABUSHKA ",4,4.65
12472,22865,"HAND WARMER OWL DESIGN",24,2.1
12472,22867,"HAND WARMER BIRD DESIGN",12,2.1
12472,22892,"SET OF SALT AND PEPPER TOADSTOOLS",-7,1.25
12472,22895,"SET OF 2 TEA TOWELS APPLE AND PEARS",12,2.95
12472,22898,"CHILDRENS APRON APPLES DESIGN",8,1.95
12472,22940,"FELTCRAFT CHRISTMAS FAIRY",8,4.25
12472,22960,"JAM MAKING SET WITH JARS",12,3.75
12472,22961,"JAM MAKING SET PRINTED",12,1.45
12472,22962,"JAM JAR WITH PINK LID",24,0.85
12472,22963,"JAM JAR WITH GREEN LID",24,0.85
12472,22964,"3 PIECE SPACEBOY COOKIE CUTTER SET",18,2.1
12472,22968,"ROSE COTTAGE KEEPSAKE BOX ",2,9.95
12472,22972,"CHILDREN'S SPACEBOY MUG",12,1.65
12472,22973,"CHILDREN'S CIRCUS PARADE MUG",12,1.65
12472,22975,"SPACEBOY CHILDRENS EGG CUP",12,1.25
12472,22976,"CIRCUS PARADE CHILDRENS EGG CUP ",12,1.25
12472,84341B,"SMALL PINK MAGIC CHRISTMAS TREE",12,0.85
12472,84375,"SET OF 20 KIDS COOKIE CUTTERS",12,2.1
12472,85049D,"BRIGHT BLUES RIBBONS ",12,1.25
12472,85049E,"SCANDINAVIAN REDS RIBBONS",12,1.25
12472,85049F,"BABY BOOM RIBBONS ",12,1.25
12472,85049G,"CHOCOLATE BOX RIBBONS ",12,1.25
12472,POST,POSTAGE,6,18
12474,22636,"CHILDS BREAKFAST SET CIRCUS PARADE",-4,8.5
12476,21658,"GLASS  BEURRE DISH",-1,3.95
12476,21658,"GLASS  BEURRE DISH",-1,3.95
12476,21658,"GLASS  BEURRE DISH",1,3.95
12476,22636,"CHILDS BREAKFAST SET CIRCUS PARADE",-1,8.5
12476,22636,"CHILDS BREAKFAST SET CIRCUS PARADE",-1,8.5
12476,22636,"CHILDS BREAKFAST SET CIRCUS PARADE",1,8.5
12481,21156,"RETROSPOT CHILDRENS APRON",8,1.95
12481,21791,"VINTAGE HEADS AND TAILS CARD GAME ",12,1.25
12481,21918,"SET 12 KIDS COLOUR  CHALK STICKS",24,0.42
12481,22326,"ROUND SNACK BOXES SET OF4 WOODLAND",6,2.95
12481,22328,"ROUND SNACK BOXES SET OF 4 FRUITS",6,2.95
12481,22468,"BABUSHKA LIGHTS STRING OF 10",2,6.75
12481,22556,"PLASTERS IN TIN CIRCUS PARADE ",12,1.65
12481,22620,"4 TRADITIONAL SPINNING TOPS",12,1.25
12481,22636,"CHILDS BREAKFAST SET CIRCUS PARADE",2,8.5
12481,POST,POSTAGE,1,18
12494,21843,"RED RETROSPOT CAKE STAND",2,10.95
12494,22662,"LUNCH BAG DOLLY GIRL DESIGN",3,1.65
12494,22662,"LUNCH BAG DOLLY GIRL DESIGN",-3,1.65
12494,22667,"RECIPE BOX RETROSPOT ",-3,2.95
12494,22667,"RECIPE BOX RETROSPOT ",6,2.95
12494,POST,POSTAGE,1,18
12540,21164,"HOME SWEET HOME METAL SIGN ",12,2.95
12540,21340,"CLASSIC METAL BIRDCAGE PLANT HOLDER",8,9.95
12540,21479,"WHITE SKULL HOT WATER BOTTLE ",4,3.75
12540,21506,"FANCY FONT BIRTHDAY CARD, ",24,0.42
12540,21519,"GIN & TONIC DIET GREETING CARD ",12,0.42
12540,21754,"HOME BUILDING BLOCK WORD",6,5.95
12540,21755,"LOVE BUILDING BLOCK WORD",9,5.95
12540,22023,"EMPIRE BIRTHDAY CARD",12,0.42
12540,22030,"SWALLOWS GREETING CARD",12,0.42
12540,22120,"WELCOME  WOODEN BLOCK LETTERS",6,9.95
12540,22423,"REGENCY CAKESTAND 3 TIER",10,12.75
12540,22553,"PLASTERS IN TIN SKULLS",24,1.65
12540,22556,"PLASTERS IN TIN CIRCUS PARADE ",24,1.65
12540,22620,"4 TRADITIONAL SPINNING TOPS",12,1.25
12540,22819,"BIRTHDAY CARD, RETRO SPOT",12,0.42
12540,22837,"HOT WATER BOTTLE BABUSHKA ",16,4.65
12540,84029E,"RED WOOLLY HOTTIE WHITE HEART.",8,3.75
12540,84077,"WORLD WAR 2 GLIDERS ASSTD DESIGNS",48,0.29
12540,84347,"ROTATING SILVER ANGELS T-LIGHT HLDR",36,2.55
12540,POST,POSTAGE,5,28
12551,20712,"JUMBO BAG WOODLAND ANIMALS",10,1.95
12551,20716,"PARTY FOOD SHOPPER BAG",10,1.25
12551,20717,"STRAWBERRY SHOPPER BAG",10,1.25
12551,20718,"RED RETROSPOT SHOPPER BAG",10,1.25
12551,21928,"JUMBO BAG SCANDINAVIAN PAISLEY",10,1.95
12551,21934,"SKULL SHOULDER BAG",10,1.65
12551,21935,"SUKI  SHOULDER BAG",10,1.65
12551,22386,"JUMBO BAG PINK POLKADOT",10,1.95
12551,85099B,"JUMBO BAG RED RETROSPOT",10,1.95
12551,85099C,"JUMBO  BAG BAROQUE BLACK WHITE",10,1.95
12557,20725,"LUNCH BAG RED RETROSPOT",70,1.65
12557,20727,"LUNCH BAG  BLACK SKULL.",60,1.65
12557,20728,"LUNCH BAG CARS BLUE",100,1.45
12557,22383,"LUNCH BAG SUKI  DESIGN ",70,1.65
12557,22384,"LUNCH BAG PINK POLKADOT",100,1.45
12567,16238,"PARTY TIME PENCIL ERASERS",28,0.21
12567,20665,"RED RETROSPOT PURSE ",6,2.95
12567,20725,"LUNCH BAG RED RETROSPOT",10,1.65
12567,20725,"LUNCH BAG RED RETROSPOT",10,1.65
12567,20726,"LUNCH BAG WOODLAND",20,1.65
12567,20728,"LUNCH BAG CARS BLUE",10,1.65
12567,20749,"ASSORTED COLOUR MINI CASES",2,7.95
12567,20750,"RED RETROSPOT MINI CASES",6,7.95
12567,21054,"NURSE'S BAG SOFT TOY",6,8.95
12567,21055,"TOOL BOX SOFT TOY ",6,8.95
12567,21121,"SET/10 RED POLKADOT PARTY CANDLES",24,1.25
12567,21195,"PINK  HONEYCOMB PAPER BALL ",6,2.1
12567,21439,"BASKET OF TOADSTOOLS",12,1.25
12567,21485,"RETROSPOT HEART HOT WATER BOTTLE",6,4.95
12567,21533,"RETROSPOT LARGE MILK JUG",3,4.95
12567,21539,"RED RETROSPOT BUTTER DISH",3,4.95
12567,21555,"CERAMIC STRAWBERRY TRINKET TRAY",6,2.55
12567,21556,"CERAMIC STRAWBERRY MONEY BOX",6,2.55
12567,21559,"STRAWBERRY LUNCH BOX WITH CUTLERY",6,2.55
12567,21774,"DECORATIVE CATS BATHROOM BOTTLE",12,1.25
12567,21786,"POLKADOT RAIN HAT ",24,0.42
12567,21787,"RAIN PONCHO RETROSPOT",24,0.85
12567,21829,"DINOSAUR KEYRINGS ASSORTED",36,0.21
12567,21892,"TRADITIONAL WOODEN CATCH CUP GAME ",12,1.25
12567,21980,"PACK OF 12 RED RETROSPOT TISSUES",24,0.29
12567,21981,"PACK OF 12 WOODLAND TISSUES",24,0.29
12567,21982,"PACK OF 12 SUKI TISSUES",24,0.29
12567,22110,"BIRD HOUSE HOT WATER BOTTLE",12,2.55
12567,22111,"SCOTTIE DOG HOT WATER BOTTLE",3,4.95
12567,22113,"GREY HEART HOT WATER BOTTLE",4,3.75
12567,22114,"HOT WATER BOTTLE TEA AND SYMPATHY",4,3.95
12567,22180,"RETROSPOT LAMP",4,9.95
12567,22243,"5 HOOK HANGER RED MAGIC TOADSTOOL",12,1.65
12567,22272,"FELTCRAFT DOLL MARIA",6,2.95
12567,22318,"FIVE HEART HANGING DECORATION",6,2.95
12567,22326,"ROUND SNACK BOXES SET OF4 WOODLAND",6,2.95
12567,22352,"LUNCH BOX WITH CUTLERY RETROSPOT ",6,2.55
12567,22382,"LUNCH BAG SPACEBOY DESIGN ",10,1.65
12567,22383,"LUNCH BAG SUKI  DESIGN ",10,1.65
12567,22390,"PAPERWEIGHT CHILDHOOD MEMORIES",6,2.55
12567,22418,"10 COLOUR SPACEBOY PEN",24,0.85
12567,22423,"REGENCY CAKESTAND 3 TIER",2,12.75
12567,22467,"GUMBALL COAT RACK",6,2.55
12567,22483,"RED GINGHAM TEDDY BEAR ",6,2.95
12567,22531,"MAGIC DRAWING SLATE CIRCUS PARADE  ",24,0.42
12567,22551,"PLASTERS IN TIN SPACEBOY",12,1.65
12567,22554,"PLASTERS IN TIN WOODLAND ANIMALS",12,1.65
12567,22558,"CLOTHES PEGS RETROSPOT PACK 24",12,1.49
12567,22614,"PACK OF 12 SPACEBOY TISSUES",24,0.29
12567,22615,"PACK OF 12 CIRCUS PARADE TISSUES",24,0.29
12567,22619,"SET OF 6 SOLDIER SKITTLES",4,3.75
12567,22632,"HAND WARMER RED RETROSPOT",12,2.1
12567,22634,"CHILDS BREAKFAST SET SPACEBOY ",2,9.95
12567,22635,"CHILDS BREAKFAST SET DOLLY GIRL ",2,9.95
12567,22636,"CHILDS BREAKFAST SET CIRCUS PARADE",2,8.5
12567,22644,"CERAMIC CHERRY CAKE MONEY BANK",12,1.45
12567,22654,"DELUXE SEWING KIT ",9,5.95
12567,22726,"ALARM CLOCK BAKELIKE GREEN",4,3.75
12567,22727,"ALARM CLOCK BAKELIKE RED ",4,3.75
12567,22728,"ALARM CLOCK BAKELIKE PINK",4,3.75
12567,22729,"ALARM CLOCK BAKELIKE ORANGE",4,3.75
12567,22745,"POPPY'S PLAYHOUSE BEDROOM ",6,2.1
12567,22747,"POPPY'S PLAYHOUSE BATHROOM",6,2.1
12567,22748,"POPPY'S PLAYHOUSE KITCHEN",6,2.1
12567,22749,"FELTCRAFT PRINCESS CHARLOTTE DOLL",4,3.75
12567,22750,"FELTCRAFT PRINCESS LOLA DOLL",4,3.75
12567,22837,"HOT WATER BOTTLE BABUSHKA ",4,4.65
12567,22837,"HOT WATER BOTTLE BABUSHKA ",8,4.65
12567,22846,"BREAD BIN DINER STYLE RED ",1,16.95
12567,22892,"SET OF SALT AND PEPPER TOADSTOOLS",12,1.25
12567,22968,"ROSE COTTAGE KEEPSAKE BOX ",8,8.5
12567,47566,"PARTY BUNTING",5,4.65
12567,84279P,"CHERRY BLOSSOM  DECORATIVE FLASK",4,3.75
12567,84678,"CLASSICAL ROSE SMALL VASE",6,2.55
12567,84870B,"BLUE GEISHA GIRL ",4,3.75
12567,84870C,"GREEN GEISHA GIRL ",4,3.75
12567,84963A,"PINK PAINTED KASHMIRI CHAIR",4,42.95
12567,84997A,"GREEN 3 PIECE POLKADOT CUTLERY SET",6,3.75
12567,84997B,"RED 3 PIECE RETROSPOT CUTLERY SET",6,3.75
12567,84997C,"BLUE 3 PIECE POLKADOT CUTLERY SET",6,3.75
12567,85227,"SET OF 6 3D KIT CARDS FOR KIDS",12,0.85
12567,POST,POSTAGE,9,18
12567,POST,POSTAGE,3,18
12577,20751,"FUNKY WASHING UP GLOVES ASSORTED",1,2.1
12577,20961,"STRAWBERRY BATH SPONGE ",1,1.25
12577,20966,"SANDWICH BATH SPONGE",1,1.25
12577,20967,"GREY FLORAL FELTCRAFT SHOULDER BAG",1,3.75
12577,20972,"PINK CREAM FELT CRAFT TRINKET BOX ",1,1.25
12577,20983,"12 PENCILS TALL TUBE RED RETROSPOT",1,0.85
12577,21012,"ANTIQUE ALL GLASS CANDLESTICK",2,2.1
12577,21026,"SPACE OWL",1,1.25
12577,21027,"NINJA RABBIT PINK",1,1.25
12577,21030,"SPACE CADET RED",1,1.25
12577,21034,"REX CASH+CARRY JUMBO SHOPPER",1,0.95
12577,21069,"VINTAGE BILLBOARD TEA MUG",1,1.25
12577,21161,"KEEP OUT BOYS DOOR HANGER ",1,1.45
12577,21294,"ETCHED GLASS COASTER",4,1.25
12577,21326,"AGED GLASS SILVER T-LIGHT HOLDER",12,0.65
12577,21328,"BALLOONS  WRITING SET ",1,1.65
12577,21576,"LETS GO SHOPPING COTTON TOTE BAG",2,2.25
12577,21578,"WOODLAND DESIGN  COTTON TOTE BAG",1,2.25
12577,21900,"KEY FOB , SHED",1,0.65
12577,21901,"KEY FOB , BACK DOOR ",1,0.65
12577,21980,"PACK OF 12 RED RETROSPOT TISSUES",1,0.29
12577,21981,"PACK OF 12 WOODLAND TISSUES",1,0.29
12577,21982,"PACK OF 12 SUKI TISSUES",2,0.29
12577,21985,"PACK OF 12 HEARTS DESIGN TISSUES",1,0.29
12577,21986,"PACK OF 12 PINK POLKADOT TISSUES",1,0.29
12577,22076,"6 RIBBONS EMPIRE",1,1.65
12577,22078,"RIBBON REEL LACE DESIGN ",1,2.1
12577,22079,"RIBBON REEL HEARTS DESIGN ",1,1.65
12577,22082,"RIBBON REEL STRIPES DESIGN ",1,1.65
12577,22093,"MOTORING TISSUE BOX",1,1.25
12577,22094,"RED RETROSPOT TISSUE BOX",1,1.25
12577,22151,"PLACE SETTING WHITE HEART",10,0.42
12577,22174,"PHOTO CUBE",6,1.65
12577,22374,"AIRLINE BAG VINTAGE JET SET RED",1,4.25
12577,22375,"AIRLINE BAG VINTAGE JET SET BROWN",1,4.25
12577,22399,"MAGNETS PACK OF 4 CHILDHOOD MEMORY",1,1.25
12577,22402,"MAGNETS PACK OF 4 VINTAGE COLLAGE",1,1.25
12577,22403,"MAGNETS PACK OF 4 VINTAGE LABELS",1,1.25
12577,22413,"METAL SIGN TAKE IT OR LEAVE IT ",1,2.95
12577,22435,"SET OF 9 HEART SHAPED BALLOONS",2,1.25
12577,22469,"HEART OF WICKER SMALL",2,1.65
12577,22480,"RED TEA TOWEL CLASSIC DESIGN",2,1.25
12577,22482,"BLUE TEA TOWEL CLASSIC DESIGN",2,1.25
12577,22604,"SET OF 4 NAPKIN CHARMS CUTLERY",1,2.55
12577,22631,"CIRCUS PARADE LUNCH BOX ",1,1.95
12577,22638,"SET OF 4 NAPKIN CHARMS CROWNS",1,2.55
12577,22696,"WICKER WREATH LARGE",1,1.95
12577,22720,"SET OF 3 CAKE TINS PANTRY DESIGN",1,4.95
12577,22739,"RIBBON REEL CHRISTMAS SOCK BAUBLE",1,1.65
12577,22749,"FELTCRAFT PRINCESS CHARLOTTE DOLL",1,3.75
12577,22759,"SET OF 3 NOTEBOOKS IN PARCEL",2,1.65
12577,22785,"SQUARECUSHION COVER PINK UNION FLAG",2,6.75
12577,22801,"ANTIQUE GLASS PEDESTAL BOWL",1,3.75
12577,22909,"SET OF 20 VINTAGE CHRISTMAS NAPKINS",1,0.85
12577,22910,"PAPER CHAIN KIT VINTAGE CHRISTMAS",1,2.95
12577,22940,"FELTCRAFT CHRISTMAS FAIRY",1,4.25
12577,22945,"CHRISTMAS METAL TAGS ASSORTED ",6,0.85
12577,47594A,"CAROUSEL DESIGN WASHBAG",1,1.95
12577,47594B,"SCOTTIES DESIGN WASHBAG",1,1.95
12577,84378,"SET OF 3 HEART COOKIE CUTTERS",1,1.25
12577,84744,"S/6 SEW ON CROCHET FLOWERS",1,1.25
12577,84826,"ASSTD DESIGN 3D PAPER STICKERS",2,0.85
12577,84836,"ZINC METAL HEART DECORATION",12,1.25
12577,84947,"ANTIQUE SILVER TEA GLASS ENGRAVED",12,1.25
12577,85049E,"SCANDINAVIAN REDS RIBBONS",1,1.25
12577,85049H,"URBAN BLACK RIBBONS ",1,1.25
12577,85116,"BLACK CANDELABRA T-LIGHT HOLDER",3,2.1
12583,10002,"INFLATABLE POLITICAL GLOBE ",48,0.85
12583,21035,"SET/2 RED RETROSPOT TEA TOWELS",18,2.95
12583,21724,"PANDA AND BUNNIES STICKER SHEET",12,0.85
12583,21731,"RED TOADSTOOL LED NIGHT LIGHT",24,1.65
12583,21791,"VINTAGE HEADS AND TAILS CARD GAME ",24,1.25
12583,21883,"STARS GIFT TAPE ",24,0.65
12583,21913,"VINTAGE SEASIDE JIGSAW PUZZLES",12,3.75
12583,22326,"ROUND SNACK BOXES SET OF4 WOODLAND",24,2.95
12583,22492,"MINI PAINT SET VINTAGE ",36,0.65
12583,22540,"MINI JIGSAW CIRCUS PARADE ",24,0.42
12583,22544,"MINI JIGSAW SPACEBOY",24,0.42
12583,22629,"SPACEBOY LUNCH BOX ",24,1.95
12583,22631,"CIRCUS PARADE LUNCH BOX ",24,1.95
12583,22659,"LUNCH BOX I LOVE LONDON",24,1.95
12583,22661,"CHARLOTTE BAG DOLLY GIRL DESIGN",20,0.85
12583,22726,"ALARM CLOCK BAKELIKE GREEN",12,3.75
12583,22727,"ALARM CLOCK BAKELIKE RED ",24,3.75
12583,22728,"ALARM CLOCK BAKELIKE PINK",24,3.75
12583,22900,"SET 2 TEA TOWELS I LOVE LONDON",24,2.95
12583,POST,POSTAGE,3,18
12586,84840,"SWEETHEART CARRY-ALL BASKET",-2,8.5
12600,20679,"EDWARDIAN PARASOL RED",12,5.95
12600,21481,"FAWN BLUE HOT WATER BOTTLE",6,2.95
12600,35651,"VINTAGE BEAD PINK SCARF ",12,1.65
12600,85014B,"RED RETROSPOT UMBRELLA",12,5.95
12600,85099B,"JUMBO BAG RED RETROSPOT",30,1.95
12600,POST,POSTAGE,1,18
12600,POST,POSTAGE,1,18
12605,22331,"WOODLAND PARTY BAG + STICKER SET",-1,1.65
12605,22333,"RETROSPOT PARTY BAG + STICKER SET",-1,1.65
12605,22956,"36 FOIL HEART CAKE CASES",-2,2.1
12621,17003,"BROCADE RING PURSE ",36,0.21
12621,20973,"12 PENCIL SMALL TUBE WOODLAND",24,0.65
12621,21680,"WOODLAND  STICKERS",36,0.85
12621,21881,"CUTE CATS TAPE",24,0.19
12621,22074,"6 RIBBONS SHIMMERING PINKS",24,0.42
12621,22077,"6 RIBBONS RUSTIC CHARM",12,1.65
12621,22190,"LOCAL CAFE MUG",24,0.85
12621,22326,"ROUND SNACK BOXES SET OF4 WOODLAND",30,2.95
12621,22331,"WOODLAND PARTY BAG + STICKER SET",24,1.65
12621,22355,"CHARLOTTE BAG SUKI DESIGN",30,0.85
12621,22423,"REGENCY CAKESTAND 3 TIER",16,10.95
12621,22551,"PLASTERS IN TIN SPACEBOY",24,1.65
12621,22585,"PACK OF 6 BIRDY GIFT TAGS",12,1.25
12621,22636,"CHILDS BREAKFAST SET CIRCUS PARADE",2,8.5
12621,22652,"TRAVEL SEWING KIT",10,1.65
12621,22654,"DELUXE SEWING KIT ",6,5.95
12621,22725,"ALARM CLOCK BAKELIKE CHOCOLATE",12,3.75
12621,22727,"ALARM CLOCK BAKELIKE RED ",12,3.75
12621,22730,"ALARM CLOCK BAKELIKE IVORY",12,3.75
12621,22752,"SET 7 BABUSHKA NESTING BOXES",24,7.65
12621,22834,"HAND WARMER BABUSHKA DESIGN",48,0.85
12621,22837,"HOT WATER BOTTLE BABUSHKA ",36,4.25
12621,22891,"TEA FOR ONE POLKADOT",6,4.25
12621,22943,"CHRISTMAS LIGHTS 10 VINTAGE BAUBLES",3,4.95
12621,22960,"JAM MAKING SET WITH JARS",6,4.25
12621,22961,"JAM MAKING SET PRINTED",12,1.45
12621,22964,"3 PIECE SPACEBOY COOKIE CUTTER SET",6,2.1
12621,22972,"CHILDREN'S SPACEBOY MUG",12,1.65
12621,22972,"CHILDREN'S SPACEBOY MUG",-7,1.65
12621,22973,"CHILDREN'S CIRCUS PARADE MUG",12,1.65
12621,85205B,"PINK FELT EASTER RABBIT GARLAND",12,2.55
12621,POST,POSTAGE,6,18
12621,POST,POSTAGE,2,18
12647,20685,"DOORMAT RED RETROSPOT",10,6.75
12647,21035,"SET/2 RED RETROSPOT TEA TOWELS",12,2.95
12647,21272,"SALLE DE BAIN HOOK",12,1.25
12647,21452,"TOADSTOOL MONEY BOX",6,2.95
12647,21452,"TOADSTOOL MONEY BOX",-4,2.95
12647,21731,"RED TOADSTOOL LED NIGHT LIGHT",-1,1.65
12647,21731,"RED TOADSTOOL LED NIGHT LIGHT",12,1.65
12647,21789,"KIDS RAIN MAC PINK",24,0.85
12647,21789,"KIDS RAIN MAC PINK",24,0.85
12647,21949,"SET OF 6 STRAWBERRY CHOPSTICKS",12,1.25
12647,22199,"FRYING PAN RED RETROSPOT",24,3.75
12647,22199,"FRYING PAN RED RETROSPOT",4,4.25
12647,22199,"FRYING PAN RED RETROSPOT",-4,4.25
12647,22200,"FRYING PAN PINK POLKADOT",4,4.25
12647,22200,"FRYING PAN PINK POLKADOT",4,4.25
12647,22202,"MILK PAN PINK POLKADOT",-1,3.75
12647,22202,"MILK PAN PINK POLKADOT",4,3.75
12647,22203,"MILK PAN RED RETROSPOT",4,3.75
12647,22203,"MILK PAN RED RETROSPOT",-1,3.75
12647,22243,"5 HOOK HANGER RED MAGIC TOADSTOOL",12,1.65
12647,22244,"3 HOOK HANGER MAGIC GARDEN",12,1.95
12647,22452,"MEASURING TAPE BABUSHKA PINK",6,2.95
12647,22505,"MEMO BOARD COTTAGE DESIGN",4,4.95
12647,22505,"MEMO BOARD COTTAGE DESIGN",4,4.95
12647,22507,"MEMO BOARD RETROSPOT  DESIGN",4,4.95
12647,22624,"IVORY KITCHEN SCALES",2,8.5
12647,22624,"IVORY KITCHEN SCALES",2,8.5
12647,22625,"RED KITCHEN SCALES",2,8.5
12647,22626,"BLACK KITCHEN SCALES",1,8.5
12647,22722,"SET OF 6 SPICE TINS PANTRY DESIGN",4,3.95
12647,22841,"ROUND CAKE TIN VINTAGE GREEN",1,0
12647,22842,"BISCUIT TIN VINTAGE RED",2,6.75
12647,22843,"BISCUIT TIN VINTAGE GREEN",2,6.75
12647,22846,"BREAD BIN DINER STYLE RED ",4,14.95
12647,22847,"BREAD BIN DINER STYLE IVORY",4,14.95
12647,22847,"BREAD BIN DINER STYLE IVORY",1,16.95
12647,22847,"BREAD BIN DINER STYLE IVORY",-1,14.95
12647,22892,"SET OF SALT AND PEPPER TOADSTOOLS",12,1.25
12647,22961,"JAM MAKING SET PRINTED",12,1.45
12647,22962,"JAM JAR WITH PINK LID",12,0.85
12647,22963,"JAM JAR WITH GREEN LID",12,0.85
12647,22968,"ROSE COTTAGE KEEPSAKE BOX ",4,9.95
12647,47559B,"TEA TIME OVEN GLOVE",20,1.25
12647,84050,"PINK HEART SHAPE EGG FRYING PAN",6,1.65
12647,84968A,"SET OF 16 VINTAGE ROSE CUTLERY",1,12.75
12647,84968A,"SET OF 16 VINTAGE ROSE CUTLERY",2,12.75
12647,84968C,"SET OF 16 VINTAGE PISTACHIO CUTLERY",4,12.75
12647,84997D,"PINK 3 PIECE POLKADOT CUTLERY SET",6,3.75
12647,85055,"FRENCH ENAMEL UTENSIL HOLDER",4,3.75
12647,POST,POSTAGE,3,18
12647,POST,POSTAGE,1,18
12647,POST,POSTAGE,5,18
12647,POST,POSTAGE,2,18
12649,22859,"EASTER TIN BUNNY BOUQUET",-6,1.65
12649,22860,"EASTER TIN CHICKS PINK DAISY",-6,1.65
12662,20712,"JUMBO BAG WOODLAND ANIMALS",10,1.95
12662,20713,"JUMBO BAG OWLS",10,1.95
12662,22242,"5 HOOK HANGER MAGIC TOADSTOOL",12,1.65
12662,22243,"5 HOOK HANGER RED MAGIC TOADSTOOL",12,1.65
12662,22244,"3 HOOK HANGER MAGIC GARDEN",12,1.95
12662,22549,"PICTURE DOMINOES",12,1.45
12662,22809,"SET OF 6 T-LIGHTS SANTA",6,2.95
12662,22837,"HOT WATER BOTTLE BABUSHKA ",4,4.65
12662,22969,"HOMEMADE JAM SCENTED CANDLES",12,1.45
12662,22973,"CHILDREN'S CIRCUS PARADE MUG",12,1.65
12662,47421,"ASSORTED COLOUR LIZARD SUCTION HOOK",24,0.42
12662,84347,"ROTATING SILVER ANGELS T-LIGHT HLDR",6,2.55
12662,84569B,"PACK 3 FIRE ENGINE/CAR PATCHES",12,1.25
12662,84945,"MULTI COLOUR SILVER T-LIGHT HOLDER",12,0.85
12662,POST,POSTAGE,1,18
12666,22474,"SPACEBOY TV DINNER TRAY",-32,4.25
12666,84792,"ENCHANTED BIRD COATHANGER 5 HOOK",-24,3.81
12668,20914,"SET/5 RED RETROSPOT LID GLASS BOWLS",6,2.95
12668,21035,"SET/2 RED RETROSPOT TEA TOWELS",6,2.95
12668,21165,"BEWARE OF THE CAT METAL SIGN ",12,1.69
12668,21231,"SWEETHEART CERAMIC TRINKET BOX",12,1.25
12668,21232,"STRAWBERRY CERAMIC TRINKET BOX",24,1.25
12668,21527,"RED RETROSPOT TRADITIONAL TEAPOT ",6,7.95
12668,21731,"RED TOADSTOOL LED NIGHT LIGHT",12,1.65
12668,21880,"RED RETROSPOT TAPE",24,0.19
12668,21881,"CUTE CATS TAPE",24,0.19
12668,21884,"CAKES AND BOWS GIFT  TAPE",24,0.19
12668,22064,"PINK DOUGHNUT TRINKET POT ",12,1.65
12668,22117,"METAL SIGN HER DINNER IS SERVED ",12,0.85
12668,22378,"WALL TIDY RETROSPOT ",40,0.85
12668,22396,"MAGNETS PACK OF 4 RETRO PHOTO",24,0.42
12668,22554,"PLASTERS IN TIN WOODLAND ANIMALS",12,1.65
12668,22644,"CERAMIC CHERRY CAKE MONEY BANK",12,1.45
12668,37448,"CERAMIC CAKE DESIGN SPOTTED MUG",12,1.49
12668,47567B,"TEA TIME KITCHEN APRON",3,5.95
12668,47570B,"TEA TIME TABLE CLOTH",2,10.65
12668,48185,"DOORMAT FAIRY CAKE",2,7.95
12668,82613B,"METAL SIGN,CUPCAKE SINGLE HOOK",20,0.42
12668,82613D,"METAL SIGN CUPCAKE SINGLE HOOK",20,0.42
12668,84509G,"SET OF 4 FAIRY CAKE PLACEMATS",12,1.25
12668,POST,POSTAGE,4,18
12681,20681,"PINK POLKADOT CHILDRENS UMBRELLA",6,3.25
12681,20682,"RED RETROSPOT CHILDRENS UMBRELLA",6,3.25
12681,20719,"WOODLAND CHARLOTTE BAG",10,0.85
12681,21064,"BOOM BOX SPEAKER BOYS",4,5.95
12681,21121,"SET/10 RED POLKADOT PARTY CANDLES",24,1.25
12681,21124,"SET/10 BLUE POLKADOT PARTY CANDLES",24,1.25
12681,21137,"BLACK RECORD COVER FRAME",4,3.75
12681,21212,"PACK OF 72 RETROSPOT CAKE CASES",24,0.55
12681,21224,"SET/4 SKULL BADGES",10,1.25
12681,21238,"RED RETROSPOT CUP",16,0.85
12681,21506,"FANCY FONT BIRTHDAY CARD, ",12,0.42
12681,21544,"SKULLS  WATER TRANSFER TATTOOS ",12,0.85
12681,21559,"STRAWBERRY LUNCH BOX WITH CUTLERY",6,2.55
12681,21680,"WOODLAND  STICKERS",12,0.85
12681,21700,"BIG DOUGHNUT FRIDGE MAGNETS",12,0.85
12681,21719,"LOVELY BONBON STICKER SHEET",12,0.85
12681,21721,"CANDY SHOP  STICKER SHEET",12,0.85
12681,21731,"RED TOADSTOOL LED NIGHT LIGHT",72,1.65
12681,22027,"TEA PARTY BIRTHDAY CARD",12,0.42
12681,22037,"ROBOT BIRTHDAY CARD",12,0.42
12681,22041,"RECORD FRAME 7" SINGLE SIZE"",6,2.55
12681,22181,"SNOWSTORM PHOTO FRAME FRIDGE MAGNET",12,0.85
12681,22191,"IVORY DINER WALL CLOCK",2,8.5
12681,22300,"COFFEE MUG DOG + BALL DESIGN",12,2.55
